{
    "priors": {
        "Yes": 0.6428571428571429,
        "No": 0.35714285714285715
    },
    "likelihoods": {
        "Day": {
            "1": {
                "Yes": 0.043478260869565216,
                "No": 0.10526315789473684
            },
            "2": {
                "Yes": 0.043478260869565216,
                "No": 0.10526315789473684
            },
            "3": {
                "Yes": 0.08695652173913043,
                "No": 0.05263157894736842
            },
            "4": {
                "Yes": 0.08695652173913043,
                "No": 0.05263157894736842
            },
            "5": {
                "Yes": 0.08695652173913043,
                "No": 0.05263157894736842
            },
            "6": {
                "Yes": 0.043478260869565216,
                "No": 0.10526315789473684
            },
            "7": {
                "Yes": 0.08695652173913043,
                "No": 0.05263157894736842
            },
            "8": {
                "Yes": 0.043478260869565216,
                "No": 0.10526315789473684
            },
            "9": {
                "Yes": 0.08695652173913043,
                "No": 0.05263157894736842
            },
            "10": {
                "Yes": 0.08695652173913043,
                "No": 0.05263157894736842
            },
            "11": {
                "Yes": 0.08695652173913043,
                "No": 0.05263157894736842
            },
            "12": {
                "Yes": 0.08695652173913043,
                "No": 0.05263157894736842
            },
            "13": {
                "Yes": 0.08695652173913043,
                "No": 0.05263157894736842
            },
            "14": {
                "Yes": 0.043478260869565216,
                "No": 0.10526315789473684
            }
        },
        "Outlook": {
            "Sunny": {
                "Yes": 0.25,
                "No": 0.5
            },
            "Overcast": {
                "Yes": 0.4166666666666667,
                "No": 0.125
            },
            "Rain": {
                "Yes": 0.3333333333333333,
                "No": 0.375
            }
        },
        "Temperature": {
            "Hot": {
                "Yes": 0.25,
                "No": 0.375
            },
            "Mild": {
                "Yes": 0.4166666666666667,
                "No": 0.375
            },
            "Cool": {
                "Yes": 0.3333333333333333,
                "No": 0.25
            }
        },
        "Humidity": {
            "High": {
                "Yes": 0.36363636363636365,
                "No": 0.7142857142857143
            },
            "Normal": {
                "Yes": 0.6363636363636364,
                "No": 0.2857142857142857
            }
        },
        "Wind": {
            "Weak": {
                "Yes": 0.6363636363636364,
                "No": 0.42857142857142855
            },
            "Strong": {
                "Yes": 0.36363636363636365,
                "No": 0.5714285714285714
            }
        }
    }
}